{"cameraMode":{"drawMode":0,"name":"Shaded","section":"Shading Mode"},"sceneLighting":true,"audioPlay":false,"sceneViewState":{"m_AlwaysRefresh":false,"showFog":false,"showSkybox":true,"showFlares":true,"showImageEffects":true,"showParticleSystems":true,"showVisualEffectGraphs":true,"m_FxEnabled":true},"in2DMode":false,"pivot":{"x":247.76210021972657,"y":11.151562690734864,"z":253.4502716064453},"rotation":{"x":-0.02727270871400833,"y":0.936658501625061,"z":0.07489465177059174,"w":0.34105798602104189},"size":8.504654884338379,"orthographic":false}