{"cameraMode":{"drawMode":0,"name":"Shaded","section":"Shading Mode"},"sceneLighting":true,"audioPlay":false,"sceneViewState":{"m_AlwaysRefresh":false,"showFog":false,"showSkybox":true,"showFlares":true,"showImageEffects":true,"showParticleSystems":true,"showVisualEffectGraphs":true,"m_FxEnabled":true},"in2DMode":false,"pivot":{"x":369.70074462890627,"y":20.011974334716798,"z":190.86578369140626},"rotation":{"x":0.11018698662519455,"y":-0.5786781907081604,"z":0.07936876267194748,"w":0.804233968257904},"size":12.953808784484864,"orthographic":false}