{"cameraMode":{"drawMode":0,"name":"Shaded","section":"Shading Mode"},"sceneLighting":true,"audioPlay":false,"sceneViewState":{"m_AlwaysRefresh":false,"showFog":false,"showSkybox":true,"showFlares":true,"showImageEffects":true,"showParticleSystems":true,"showVisualEffectGraphs":true,"m_FxEnabled":true},"in2DMode":false,"pivot":{"x":335.56561279296877,"y":22.07260513305664,"z":220.28240966796876},"rotation":{"x":0.018501242622733117,"y":-0.9812377095222473,"z":0.12431220710277558,"w":0.14647984504699708},"size":60.85052490234375,"orthographic":false}